Provinsi,Tahun,Persentase_Penduduk_Miskin,IPM,Rata_Rata_Lama_Sekolah,IPM_Norm,RLS_Norm,Prediksi_Kemiskinan_AI,Score_Poverty,Score_IPM_Inv,Score_RLS_Inv,Skor_Prioritas_Bansos
ACEH,2019,15.32,71.9,9.18,0.6230613621038439,0.6826923076923075,13.313199999999997,0.4016949152542373,0.3769386378961561,0.3173076923076925,0.377390587457504
ACEH,2020,14.99,71.99,9.33,0.6260957518543491,0.7032967032967032,13.307200000000002,0.39050847457627114,0.37390424814565093,0.29670329670329676,0.3667661710724902
ACEH,2021,15.33,72.18,9.37,0.6325016857720838,0.7087912087912085,13.5341,0.40203389830508474,0.36749831422791623,0.2912087912087915,0.36950820166267556
ACEH,2022,14.64,72.8,9.44,0.6534052596089006,0.7184065934065933,12.609600000000006,0.3786440677966102,0.3465947403910994,0.2815934065934067,0.34961913733431627
ACEH,2023,14.45,73.4,9.55,0.6736345246122728,0.7335164835164836,12.361900000000007,0.3722033898305085,0.3263654753877272,0.2664835164835164,0.33730804082827565
ACEH,2024,14.23,74.03,9.64,0.6948752528658126,0.7458791208791209,11.523600000000004,0.36474576271186443,0.30512474713418736,0.2541208791208791,0.32473448132036425
BALI,2019,3.79,75.38,8.84,0.7403910991233984,0.635989010989011,4.019100000000002,0.01084745762711864,0.2596089008766016,0.36401098901098905,0.1561085968787376
BALI,2020,3.78,75.5,8.95,0.744436952124073,0.651098901098901,3.9932999999999943,0.010508474576271187,0.255563047875927,0.348901098901099,0.1517033714311335
BALI,2021,4.53,75.69,9.06,0.7508428860418073,0.6662087912087913,4.410999999999991,0.035932203389830525,0.24915711395819273,0.3337912087912087,0.1594714776406148
BALI,2022,4.57,76.44,9.39,0.7761294672960213,0.7115384615384615,4.763399999999996,0.037288135593220334,0.22387053270397872,0.28846153846153855,0.1434975353001115
BALI,2023,4.25,77.1,9.45,0.7983816587997301,0.7197802197802197,4.572,0.026440677966101694,0.2016183412002699,0.28021978021978033,0.12974979738708786
BALI,2024,4.0,77.76,9.54,0.8206338503034389,0.732142857142857,4.6714,0.01796610169491525,0.17936614969656106,0.267857142857143,0.11636432432785454
BANTEN,2019,5.09,72.44,8.74,0.6412677006068777,0.6222527472527473,5.538299999999997,0.05491525423728813,0.35873229939312234,0.37774725274725274,0.21062676748603132
BANTEN,2020,5.92,72.45,8.89,0.6416048550236011,0.6428571428571428,6.428199999999997,0.08305084745762711,0.3583951449763989,0.3571428571428572,0.2204725386503047
BANTEN,2021,6.66,72.72,8.93,0.650708024275118,0.6483516483516483,6.8459,0.10813559322033897,0.349291975724882,0.35164835164835173,0.22918505965730446
BANTEN,2022,6.16,73.32,9.13,0.6709372892784893,0.6758241758241759,6.177100000000003,0.09118644067796611,0.3290627107215107,0.32417582417582413,0.20914719839060109
BANTEN,2023,6.17,73.87,9.15,0.6894807821982469,0.6785714285714286,6.406399999999995,0.09152542372881356,0.31051921780175307,0.3214285714285714,0.20320419149064697
BANTEN,2024,5.84,74.48,9.23,0.7100472016183412,0.6895604395604396,5.938299999999995,0.08033898305084744,0.28995279838165877,0.31043956043956045,0.18924324312783344
BENGKULU,2019,15.23,71.21,8.73,0.5997977073499661,0.6208791208791209,12.577000000000007,0.3986440677966101,0.40020229265003393,0.3791208791208791,0.39520689751749105
BENGKULU,2020,15.03,71.4,8.84,0.6062036412677008,0.635989010989011,13.866799999999985,0.39186440677966095,0.39379635873229923,0.36401098901098905,0.38687330881171805
BENGKULU,2021,15.22,71.64,8.87,0.6142953472690491,0.6401098901098898,14.11020000000001,0.39830508474576265,0.3857046527309509,0.35989010989011017,0.3868419601701886
BENGKULU,2022,14.62,72.16,8.91,0.6318273769386378,0.6456043956043955,13.164299999999992,0.3779661016949152,0.3681726230613622,0.35439560439560447,0.3703139586449872
BENGKULU,2023,14.04,72.78,9.03,0.6527309507754551,0.662087912087912,11.891399999999987,0.3583050847457627,0.34726904922454493,0.33791208791208804,0.35091567472266244
BENGKULU,2024,13.56,73.39,9.04,0.6732973701955494,0.6634615384615383,11.189999999999982,0.3420338983050848,0.32670262980445064,0.3365384615384617,0.33633543040156993
DI YOGYAKARTA,2019,11.7,79.99,9.38,0.8958192852326363,0.7101648351648351,11.029400000000015,0.27898305084745756,0.10418071476736368,0.2898351648351649,0.22871277282097086
DI YOGYAKARTA,2020,12.28,79.97,9.55,0.8951449763991908,0.7335164835164836,11.797999999999993,0.2986440677966101,0.10485502360080923,0.2664835164835164,0.23407524427525112
DI YOGYAKARTA,2021,12.8,80.22,9.64,0.9035738368172621,0.7458791208791209,12.417399999999986,0.316271186440678,0.09642616318273789,0.2541208791208791,0.23788761799933617
DI YOGYAKARTA,2022,11.34,80.64,9.75,0.9177343223196226,0.760989010989011,11.2519,0.26677966101694917,0.0822656776803774,0.23901098901098905,0.2058717316147856
DI YOGYAKARTA,2023,11.04,81.07,9.83,0.9322319622387052,0.7719780219780219,10.773799999999989,0.2566101694915254,0.06776803776129481,0.2280219780219781,0.19423989167854677
DI YOGYAKARTA,2024,10.83,81.55,9.92,0.9484153742414023,0.7843406593406592,10.179400000000001,0.2494915254237288,0.05158462575859768,0.21565934065934078,0.18335301857131187
DKI JAKARTA,2019,3.47,80.76,11.06,0.9217801753202968,0.9409340659340659,4.181700000000004,0.0,0.07821982467970323,0.05906593406593408,0.03527913421709779
DKI JAKARTA,2020,4.53,80.77,11.13,0.9221173297370193,0.9505494505494505,4.583399999999997,0.035932203389830525,0.07788267026298068,0.0494505494505495,0.05122101266391936
DKI JAKARTA,2021,4.72,81.11,11.17,0.9335805799055967,0.956043956043956,4.764300000000005,0.0423728813559322,0.06641942009440327,0.04395604395604402,0.04990347549749588
DKI JAKARTA,2022,4.69,81.65,11.31,0.9517869184086314,0.9752747252747251,4.700499999999999,0.041355932203389845,0.04821308159136861,0.02472527472527486,0.04008694552416048
DKI JAKARTA,2023,4.44,82.46,11.45,0.9790964261631825,0.9945054945054943,4.4968,0.0328813559322034,0.020903573836817513,0.005494505494505697,0.023810651216048095
DKI JAKARTA,2024,4.3,83.08,11.49,0.9999999999999998,1.0,4.443600000000004,0.028135593220338984,2.220446049250313e-16,0.0,0.014067796610169558
GORONTALO,2019,15.52,68.49,7.69,0.5080917060013486,0.4780219780219781,13.549099999999996,0.40847457627118644,0.49190829399865144,0.5219780219780219,0.456205380730793
GORONTALO,2020,15.22,68.68,7.82,0.5144976399190833,0.4958791208791209,14.213600000000012,0.39830508474576265,0.48550236008091674,0.5041208791208791,0.4456274262213321
GORONTALO,2021,15.61,69.0,7.9,0.5252865812542142,0.5068681318681318,14.928499999999985,0.4115254237288135,0.47471341874578576,0.49313186813186816,0.4468031111145161
GORONTALO,2022,15.42,69.81,8.02,0.5525960890087662,0.5233516483516483,14.555700000000007,0.4050847457627118,0.4474039109912338,0.47664835164835173,0.4320932165083964
GORONTALO,2023,15.15,70.45,8.1,0.5741739716790291,0.5343406593406592,13.954200000000014,0.3959322033898305,0.42582602832097094,0.4656593406593408,0.4188457783230747
GORONTALO,2024,14.57,71.23,8.29,0.6004720161834121,0.5604395604395602,12.19680000000001,0.3762711864406779,0.39952798381658794,0.4395604395604398,0.39590607627740326
JAMBI,2019,7.6,71.26,8.45,0.6014834794335806,0.5824175824175823,7.419600000000008,0.13999999999999999,0.3985165205664194,0.41758241758241765,0.27307143968640935
JAMBI,2020,7.58,71.29,8.55,0.6024949426837491,0.5961538461538463,7.457600000000005,0.13932203389830508,0.39750505731625085,0.40384615384615374,0.26968176491325857
JAMBI,2021,8.09,71.63,8.6,0.6139581928523261,0.6030219780219779,8.061699999999997,0.15661016949152542,0.3860418071476739,0.3969780219780221,0.2735132312856693
JAMBI,2022,7.62,72.14,8.68,0.6311530681051922,0.6140109890109888,7.533300000000001,0.1406779661016949,0.3688469318948078,0.38598901098901117,0.258190864817092
JAMBI,2023,7.58,72.77,8.81,0.6523937963587321,0.6318681318681318,7.896200000000006,0.13932203389830508,0.34760620364126793,0.36813186813186816,0.24756925166790655
JAMBI,2024,7.1,73.43,8.9,0.6746459878624413,0.6442307692307692,7.851200000000006,0.1230508474576271,0.32535401213755866,0.35576923076923084,0.2302854735239273
JAWA BARAT,2019,6.91,72.03,8.37,0.6274443695212406,0.5714285714285712,7.680600000000004,0.11661016949152542,0.3725556304787594,0.4285714285714288,0.2557860596036763
JAWA BARAT,2020,7.88,72.09,8.55,0.6294672960215781,0.5961538461538463,8.031199999999997,0.14949152542372882,0.37053270397842186,0.40384615384615374,0.26667480467462173
JAWA BARAT,2021,8.4,72.45,8.61,0.6416048550236011,0.6043956043956042,7.4955999999999925,0.1671186440677966,0.3583951449763989,0.39560439560439575,0.27019874464769716
JAWA BARAT,2022,8.06,73.12,8.78,0.6641942009440325,0.6277472527472525,7.651399999999991,0.15559322033898307,0.3358057990559675,0.3722527472527475,0.2529888993368313
JAWA BARAT,2023,7.62,73.74,8.83,0.6850977747808493,0.6346153846153846,7.6762,0.1406779661016949,0.3149022252191507,0.3653846153846154,0.23788657369351573
JAWA BARAT,2024,7.46,74.43,8.87,0.7083614295347271,0.6401098901098898,6.939799999999998,0.1352542372881356,0.29163857046527286,0.35989010989011017,0.22709671176167168
JAWA TENGAH,2019,10.8,71.73,7.53,0.6173297370195552,0.456043956043956,10.769099999999986,0.24847457627118644,0.3826702629804448,0.543956043956044,0.34782957582093543
JAWA TENGAH,2020,11.41,71.87,7.69,0.6220498988536749,0.4780219780219781,11.223299999999993,0.26915254237288133,0.3779501011463251,0.5219780219780219,0.3523569059259426
JAWA TENGAH,2021,11.79,72.16,7.75,0.6318273769386378,0.4862637362637361,11.549299999999986,0.28203389830508474,0.3681726230613622,0.5137362637362639,0.3542159888182038
JAWA TENGAH,2022,10.93,72.79,7.93,0.6530681051921781,0.510989010989011,10.815199999999987,0.2528813559322034,0.34693189480782194,0.48901098901098905,0.32832244421064605
JAWA TENGAH,2023,10.77,73.39,8.01,0.6732973701955494,0.5219780219780219,10.523799999999994,0.24745762711864402,0.32670262980445064,0.4780219780219781,0.31734399810505287
JAWA TENGAH,2024,10.47,73.88,8.02,0.6898179366149695,0.5233516483516483,10.22250000000001,0.23728813559322035,0.3101820633850305,0.47664835164835173,0.30702835714178967
JAWA TIMUR,2019,10.37,71.5,7.59,0.609575185434929,0.4642857142857142,10.179300000000001,0.2338983050847457,0.39042481456507105,0.5357142857142858,0.34121945405475135
JAWA TIMUR,2020,11.09,71.71,7.78,0.6166554281861092,0.4903846153846154,10.881499999999996,0.25830508474576275,0.3833445718138908,0.5096153846153846,0.3460789908401255
JAWA TIMUR,2021,11.4,72.14,7.88,0.6311530681051922,0.5041208791208791,11.260699999999993,0.2688135593220339,0.3688469318948078,0.4958791208791209,0.34423668340528346
JAWA TIMUR,2022,10.38,72.75,8.03,0.6517194875252865,0.5247252747252746,9.321299999999997,0.23423728813559322,0.3482805124747135,0.47527472527472536,0.3166577428651557
JAWA TIMUR,2023,10.35,73.38,8.11,0.6729602157788264,0.5357142857142856,9.35030000000001,0.2332203389830508,0.32703978422117364,0.4642857142857144,0.3075792476150204
JAWA TIMUR,2024,9.79,74.09,8.28,0.6968981793661497,0.5590659340659339,8.55739999999999,0.2142372881355932,0.30310182063385027,0.44093406593406614,0.2862360034447649
KALIMANTAN BARAT,2019,7.49,67.65,7.31,0.4797707349966285,0.42582417582417564,8.4313,0.13627118644067795,0.5202292650033715,0.5741758241758244,0.3390395375565153
KALIMANTAN BARAT,2020,7.17,67.66,7.37,0.48010788941335103,0.4340659340659341,7.8361999999999945,0.12542372881355932,0.519892110586649,0.5659340659340659,0.3318663107695875
KALIMANTAN BARAT,2021,7.15,67.9,7.45,0.48819959541470026,0.44505494505494503,8.501399999999991,0.12474576271186441,0.5118004045852997,0.554945054945055,0.3269020137205331
KALIMANTAN BARAT,2022,6.73,68.63,7.59,0.5128118678354683,0.4642857142857142,10.144200000000005,0.11050847457627119,0.4871881321645317,0.5357142857142858,0.30855353408035224
KALIMANTAN BARAT,2023,6.71,69.41,7.71,0.5391099123398513,0.4807692307692306,9.380900000000002,0.10983050847457626,0.4608900876601487,0.5192307692307694,0.29702843438148663
KALIMANTAN BARAT,2024,6.32,70.13,7.78,0.5633850303438972,0.4903846153846154,9.219100000000015,0.09661016949152543,0.4366149696561028,0.5096153846153846,0.2812126525656705
KALIMANTAN SELATAN,2019,4.55,70.72,8.2,0.583277140930546,0.5480769230769229,6.410199999999995,0.0366101694915254,0.41672285906945405,0.4519230769230771,0.23370655785121433
KALIMANTAN SELATAN,2020,4.38,70.91,8.29,0.5896830748482802,0.5604395604395602,6.3599999999999985,0.03084745762711863,0.4103169251517198,0.4395604395604398,0.22643089427116322
KALIMANTAN SELATAN,2021,4.83,71.28,8.34,0.6021577882670262,0.5673076923076923,6.5532000000000075,0.04610169491525423,0.39784221173297385,0.4326923076923077,0.2289419725159808
KALIMANTAN SELATAN,2022,4.49,71.84,8.46,0.6210384356035064,0.5837912087912089,6.385800000000005,0.03457627118644069,0.37896156439649364,0.41620879120879106,0.21421836315392667
KALIMANTAN SELATAN,2023,4.29,72.5,8.55,0.6432906271072152,0.5961538461538463,5.896200000000004,0.02779661016949153,0.3567093728927848,0.40384615384615374,0.20168034772181198
KALIMANTAN SELATAN,2024,4.11,73.03,8.62,0.6611598111935268,0.6057692307692306,5.623200000000005,0.021694915254237307,0.33884018880647315,0.3942307692307694,0.19134566811521447
KALIMANTAN TENGAH,2019,4.98,70.91,8.51,0.5896830748482802,0.5906593406593406,5.848700000000004,0.0511864406779661,0.4103169251517198,0.40934065934065944,0.2305564297526309
KALIMANTAN TENGAH,2020,4.82,71.05,8.59,0.5944032366824004,0.6016483516483515,6.199100000000007,0.04576271186440678,0.40559676331759964,0.3983516483516485,0.22423071459781296
KALIMANTAN TENGAH,2021,5.16,71.25,8.64,0.6011463250168576,0.6085164835164836,6.169200000000001,0.05728813559322035,0.3988536749831424,0.3914835164835164,0.2265968735882562
KALIMANTAN TENGAH,2022,5.28,71.63,8.65,0.6139581928523261,0.6098901098901099,6.753499999999992,0.061355932203389835,0.3860418071476739,0.39010989010989006,0.2245124862679751
KALIMANTAN TENGAH,2023,5.11,72.2,8.73,0.6331759946055293,0.6208791208791209,7.212700000000008,0.05559322033898306,0.3668240053944707,0.3791208791208791,0.21366798761200856
KALIMANTAN TENGAH,2024,5.17,72.73,8.81,0.651045178691841,0.6318681318681318,5.977500000000001,0.057627118644067776,0.348954821308159,0.36813186813186816,0.2071263793408552
KALIMANTAN TIMUR,2019,5.94,76.61,9.7,0.78186109238031,0.7541208791208789,6.219100000000008,0.08372881355932205,0.21813890761969001,0.24587912087912112,0.15648190324139225
KALIMANTAN TIMUR,2020,6.1,76.24,9.77,0.769386378961564,0.7637362637362635,6.164300000000008,0.08915254237288134,0.23061362103843597,0.23626373626373653,0.16101310475071878
KALIMANTAN TIMUR,2021,6.54,76.88,9.84,0.7909642616318273,0.7733516483516483,6.382500000000002,0.10406779661016949,0.20903573836817269,0.22664835164835173,0.1600742901452069
KALIMANTAN TIMUR,2022,6.31,77.44,9.92,0.8098449089683075,0.7843406593406592,6.260399999999997,0.09627118644067795,0.19015509103169248,0.21565934065934078,0.14831398866171486
KALIMANTAN TIMUR,2023,6.11,78.2,9.99,0.835468644639245,0.7939560439560438,6.017800000000003,0.08949152542372882,0.16453135536075503,0.2060439560439562,0.13531396052888217
KALIMANTAN TIMUR,2024,5.78,78.83,10.02,0.8567093728927848,0.7980769230769229,5.931399999999991,0.07830508474576273,0.14329062710721518,0.2019230769230771,0.12252434588966134
KALIMANTAN UTARA,2019,6.63,71.15,8.94,0.5977747808496294,0.6497252747252746,8.1098,0.10711864406779659,0.40222521915037057,0.35027472527472536,0.24428183283395455
KALIMANTAN UTARA,2020,6.8,70.63,9.0,0.5802427511800403,0.6579670329670328,7.649499999999992,0.11288135593220339,0.4197572488199597,0.34203296703296715,0.25077444601868304
KALIMANTAN UTARA,2021,7.36,71.19,9.11,0.5991233985165205,0.6730769230769229,8.095400000000007,0.13186440677966102,0.4008766014834795,0.3269230769230771,0.25157979921948975
KALIMANTAN UTARA,2022,6.77,71.83,9.27,0.6207012811867834,0.6950549450549448,8.948799999999997,0.111864406779661,0.37929871881321664,0.3049450549450552,0.23071083002280654
KALIMANTAN UTARA,2023,6.45,72.49,9.34,0.6429534726904922,0.7046703296703296,7.501700000000004,0.10101694915254236,0.3570465273095078,0.2953296703296704,0.2166883668350576
KALIMANTAN UTARA,2024,6.32,73.02,9.35,0.6608226567768034,0.706043956043956,7.246800000000005,0.09661016949152543,0.3391773432231966,0.293956043956044,0.20884949650393048
KEP. BANGKA BELITUNG,2019,4.62,71.3,7.98,0.6028320971004717,0.5178571428571428,6.2624,0.03898305084745762,0.3971679028995283,0.4821428571428572,0.23507046772215875
KEP. BANGKA BELITUNG,2020,4.53,71.47,8.06,0.6085637221847604,0.5288461538461537,5.510999999999988,0.035932203389830525,0.3914362778152396,0.47115384615384626,0.2296277542702564
KEP. BANGKA BELITUNG,2021,4.9,71.69,8.08,0.6159811193526632,0.5315934065934065,6.019599999999989,0.048474576271186454,0.3840188806473368,0.4684065934065935,0.23312427101111297
KEP. BANGKA BELITUNG,2022,4.45,72.24,8.11,0.6345246122724204,0.5357142857142856,6.0296999999999965,0.03322033898305085,0.3654753877275796,0.4642857142857144,0.2191099286669422
KEP. BANGKA BELITUNG,2023,4.52,72.85,8.25,0.6550910316925151,0.554945054945055,5.334099999999995,0.03559322033898302,0.34490896830748485,0.44505494505494503,0.210280289672726
KEP. BANGKA BELITUNG,2024,4.55,73.33,8.33,0.6712744436952123,0.5659340659340659,5.495200000000006,0.0366101694915254,0.3287255563047877,0.4340659340659341,0.20373593845038585
KEPULAUAN RIAU,2019,5.9,75.48,9.99,0.743762643290627,0.7939560439560438,5.942899999999994,0.08237288135593221,0.256237356709373,0.2060439560439562,0.15926643889956923
KEPULAUAN RIAU,2020,5.92,75.59,10.12,0.7474713418745786,0.8118131868131866,5.958399999999999,0.08305084745762711,0.25252865812542136,0.1881868131868134,0.15492138380380266
KEPULAUAN RIAU,2021,6.12,75.79,10.18,0.7542144302090359,0.8200549450549448,6.061400000000001,0.08983050847457627,0.2457855697909641,0.1799450549450552,0.1546399361635884
KEPULAUAN RIAU,2022,6.24,76.46,10.37,0.7768037761294673,0.846153846153846,6.135900000000006,0.09389830508474575,0.22319622387053273,0.15384615384615397,0.14467725047276347
KEPULAUAN RIAU,2023,5.69,77.11,10.41,0.7987188132164531,0.8516483516483515,5.916600000000005,0.0752542372881356,0.2012811867835469,0.1483516483516485,0.12768180434946155
KEPULAUAN RIAU,2024,5.37,77.97,10.5,0.8277140930546192,0.8640109890109888,5.644100000000004,0.06440677966101696,0.17228590694538082,0.13598901098901117,0.11108696411192497
LAMPUNG,2019,12.62,69.57,7.92,0.544504383007417,0.5096153846153846,13.113499999999986,0.3101694915254237,0.455495616992583,0.4903846153846154,0.3898103539374098
LAMPUNG,2020,12.34,69.69,8.05,0.5485502360080916,0.5274725274725276,13.237999999999994,0.30067796610169495,0.4514497639919084,0.4725274725274724,0.3802794067539145
LAMPUNG,2021,12.62,69.9,8.08,0.5556304787592719,0.5315934065934065,13.090799999999996,0.3101694915254237,0.44436952124072815,0.4684065934065935,0.382076920816249
LAMPUNG,2022,11.57,70.45,8.18,0.5741739716790291,0.5453296703296702,11.898000000000007,0.2745762711864407,0.42582602832097094,0.45467032967032983,0.35597001002357753
LAMPUNG,2023,11.11,71.15,8.29,0.5977747808496294,0.5604395604395602,11.2588,0.25898305084745765,0.40222521915037057,0.4395604395604398,0.338071179080928
LAMPUNG,2024,10.69,71.81,8.36,0.6200269723533378,0.5700549450549448,9.196500000000016,0.2447457627118644,0.3799730276466622,0.4299450549450552,0.3223538006389419
MALUKU,2019,17.69,69.45,9.81,0.5404585300067433,0.7692307692307692,17.03760000000003,0.4820338983050848,0.45954146999325673,0.23076923076923084,0.42503323630436557
MALUKU,2020,17.44,69.49,9.93,0.5418071476736344,0.7857142857142856,16.919600000000024,0.4735593220338983,0.45819285232636564,0.2142857142857144,0.4170946595720017
MALUKU,2021,17.87,69.71,10.03,0.5492245448415372,0.7994505494505493,17.321599999999986,0.48813559322033895,0.45077545515846285,0.20054945054945073,0.4194103232675985
MALUKU,2022,15.97,70.22,10.19,0.5664194200944033,0.8214285714285712,15.896000000000013,0.423728813559322,0.43358057990559673,0.17857142857142883,0.37765286646562574
MALUKU,2023,16.42,70.94,10.2,0.5906945380984492,0.8228021978021975,15.312000000000005,0.4389830508474577,0.4093054619015508,0.17719780219780246,0.3777227244337546
MALUKU,2024,16.05,71.57,10.26,0.611935266351989,0.831043956043956,15.462599999999984,0.42644067796610163,0.388064733648011,0.16895604395604402,0.3634309678686629
MALUKU UTARA,2019,6.77,68.7,9.0,0.5151719487525288,0.6579670329670328,7.722399999999988,0.111864406779661,0.4848280512474712,0.34203296703296715,0.2697872121706653
MALUKU UTARA,2020,6.78,68.49,9.04,0.5080917060013486,0.6634615384615383,7.946199999999985,0.11220338983050848,0.49190829399865144,0.3365384615384617,0.270981875422542
MALUKU UTARA,2021,6.89,68.76,9.09,0.5171948752528659,0.6703296703296702,7.555299999999988,0.11593220338983048,0.4828051247471341,0.32967032967032983,0.26874170505312145
MALUKU UTARA,2022,6.23,69.47,9.24,0.5411328388401888,0.6909340659340659,6.898800000000005,0.0935593220338983,0.4588671611598112,0.3090659340659341,0.24625299617807933
MALUKU UTARA,2023,6.46,70.21,9.26,0.5660822656776803,0.6936813186813187,7.081100000000003,0.10135593220338981,0.4339177343223197,0.30631868131868134,0.2421170226621271
MALUKU UTARA,2024,6.32,71.03,9.37,0.5937289278489548,0.7087912087912085,7.5623000000000085,0.09661016949152543,0.4062710721510452,0.2912087912087915,0.22842816463283458
NUSA TENGGARA BARAT,2019,14.56,68.14,7.27,0.4962913014160486,0.42032967032967017,13.51869999999999,0.37593220338983047,0.5037086985839514,0.5796703296703298,0.4550127772041666
NUSA TENGGARA BARAT,2020,13.97,68.25,7.31,0.4999999999999998,0.42582417582417564,13.356700000000012,0.35593220338983056,0.5000000000000002,0.5741758241758244,0.44280126653008023
NUSA TENGGARA BARAT,2021,14.14,68.65,7.38,0.5134861766689147,0.43543956043956045,12.372900000000007,0.36169491525423725,0.4865138233310853,0.5645604395604396,0.4397136925385321
NUSA TENGGARA BARAT,2022,13.68,69.46,7.61,0.5407956844234658,0.46703296703296693,11.683599999999997,0.3461016949152542,0.4592043155765342,0.5329670329670331,0.417405548723994
NUSA TENGGARA BARAT,2023,13.85,70.2,7.74,0.5657451112609577,0.48489010989010994,12.409000000000002,0.351864406779661,0.4342548887390423,0.5151098901098901,0.40923064803352116
NUSA TENGGARA BARAT,2024,12.91,70.93,7.87,0.5903573836817266,0.5027472527472527,11.043699999999996,0.31999999999999995,0.40964261631827337,0.49725274725274726,0.3823433343460314
NUSA TENGGARA TIMUR,2019,21.09,65.23,7.55,0.3981793661496964,0.4587912087912087,21.229399999999973,0.5972881355932202,0.6018206338503036,0.5412087912087913,0.5874320161934595
NUSA TENGGARA TIMUR,2020,20.9,65.19,7.63,0.39683074848280486,0.46978021978021967,21.074700000000007,0.5908474576271185,0.6031692515171951,0.5302197802197803,0.5824184603126739
NUSA TENGGARA TIMUR,2021,20.99,65.28,7.69,0.39986513823331093,0.4780219780219781,21.14339999999999,0.5938983050847457,0.6001348617666891,0.5219780219780219,0.5813852154679839
NUSA TENGGARA TIMUR,2022,20.05,65.9,7.7,0.4207687120701282,0.47939560439560425,17.952999999999985,0.5620338983050848,0.5792312879298718,0.5206043956043958,0.5589072146523831
NUSA TENGGARA TIMUR,2023,19.96,66.68,7.82,0.4470667565745112,0.4958791208791209,19.023000000000014,0.5589830508474576,0.5529332434254888,0.5041208791208791,0.5461956742755513
NUSA TENGGARA TIMUR,2024,19.48,67.39,8.02,0.47100472016183415,0.5233516483516483,16.79390000000001,0.5427118644067797,0.5289952798381659,0.47664835164835173,0.5253841864845099
PAPUA,2019,27.53,60.84,6.65,0.2501685772083613,0.3351648351648352,27.313000000000038,0.8155932203389831,0.7498314227916387,0.6648351648351648,0.7657130699740161
PAPUA,2020,26.64,60.44,6.69,0.23668240053944678,0.34065934065934067,26.937000000000022,0.7854237288135593,0.7633175994605532,0.6593406593406593,0.7535752761130774
PAPUA,2021,26.86,60.62,6.76,0.24275118004045848,0.35027472527472514,26.913600000000017,0.7928813559322033,0.7572488199595415,0.6497252747252749,0.7535603788990191
PAPUA,2022,26.56,71.76,7.02,0.6183412002697237,0.38598901098901084,23.29659999999997,0.7827118644067795,0.3816587997302763,0.6140109890109892,0.6286557699246704
PAPUA,2023,26.03,72.41,7.15,0.6402562373567091,0.40384615384615385,20.473099999999985,0.7647457627118645,0.3597437626432909,0.5961538461538461,0.6095267793796887
PAPUA,2024,17.26,73.0,9.82,0.6601483479433579,0.7706043956043955,14.160799999999997,0.46745762711864414,0.33985165205664214,0.22939560439560447,0.3815634300554356
PAPUA BARAT,2019,22.17,64.7,7.44,0.3803101820633852,0.44368131868131866,21.801300000000005,0.6338983050847458,0.6196898179366148,0.5563186813186813,0.6141198341870936
PAPUA BARAT,2020,21.37,65.09,7.6,0.3934592043155767,0.46565934065934056,21.285299999999964,0.6067796610169491,0.6065407956844233,0.5343406593406594,0.5922202010819335
PAPUA BARAT,2021,21.84,65.26,7.69,0.3991908293998654,0.4780219780219781,21.440899999999974,0.6227118644067796,0.6008091706001346,0.5219780219780219,0.5959942877790345
PAPUA BARAT,2022,21.33,65.16,7.84,0.3958192852326363,0.49862637362637363,20.15339999999998,0.6054237288135592,0.6041807147673637,0.5013736263736264,0.584240804111714
PAPUA BARAT,2023,20.49,66.16,7.93,0.4295347269049221,0.510989010989011,16.65539999999999,0.5769491525423728,0.5704652730950779,0.48901098901098905,0.5574163560019075
PAPUA BARAT,2024,21.66,67.02,7.86,0.4585300067430882,0.5013736263736264,19.714800000000025,0.6166101694915254,0.5414699932569118,0.49862637362637363,0.570471357448111
PAPUA BARAT DAYA,2024,18.13,68.63,8.39,0.5128118678354683,0.5741758241758241,16.56330000000003,0.4969491525423728,0.4871881321645317,0.42582417582417587,0.47979585108538114
PAPUA PEGUNUNGAN,2024,32.97,53.42,4.21,0.0,0.0,30.92159999999998,1.0,1.0,1.0,1.0
PAPUA SELATAN,2024,17.44,67.9,8.38,0.48819959541470026,0.5728021978021978,16.064100000000032,0.4735593220338983,0.5118004045852997,0.42719780219780223,0.47575934283209953
PAPUA TENGAH,2024,29.76,59.75,6.12,0.21341874578556985,0.2623626373626373,28.43940000000003,0.8911864406779662,0.7865812542144301,0.7376373626373627,0.8290950691307847
RIAU,2019,7.08,73.0,9.03,0.6601483479433579,0.662087912087912,8.017800000000006,0.12237288135593219,0.33985165205664214,0.33791208791208804,0.23072435387737633
RIAU,2020,6.82,72.71,9.14,0.650370869858395,0.6771978021978022,7.401900000000007,0.11355932203389832,0.349629130141605,0.32280219780219777,0.22622883961987023
RIAU,2021,7.12,72.94,9.19,0.6581254214430208,0.6840659340659339,7.2381,0.12372881355932203,0.3418745785569792,0.31593406593406614,0.22761359353356803
RIAU,2022,6.78,73.52,9.22,0.6776803776129465,0.6881868131868132,7.243799999999988,0.11220338983050848,0.3223196223870535,0.3118131868131868,0.21516021899400764
RIAU,2023,6.68,74.04,9.32,0.6952124072825356,0.7019230769230769,6.999599999999997,0.10881355932203388,0.30478759271746436,0.29807692307692313,0.20545844209164088
RIAU,2024,6.67,74.79,9.43,0.7204989885367501,0.7170329670329669,6.4883999999999995,0.10847457627118642,0.2795010114632499,0.28296703296703307,0.1946809981679748
SULAWESI BARAT,2019,11.02,65.73,7.73,0.4150370869858395,0.4835164835164836,14.47079999999999,0.25593220338983047,0.5849629130141605,0.5164835164835164,0.4067516788958666
SULAWESI BARAT,2020,10.87,66.11,7.89,0.427848954821308,0.5054945054945055,14.180999999999976,0.2508474576271186,0.572151045178692,0.4945054945054945,0.3959701412682658
SULAWESI BARAT,2021,11.29,66.36,7.96,0.43627781523937936,0.5151098901098901,13.154799999999987,0.2650847457627118,0.5637221847606206,0.48489010989010994,0.398637050287564
SULAWESI BARAT,2022,11.75,66.92,8.08,0.45515846257585957,0.5315934065934065,13.761600000000005,0.28067796610169493,0.5448415374241404,0.4684065934065935,0.39747276295940825
SULAWESI BARAT,2023,11.49,67.55,8.13,0.47639919082939985,0.5384615384615385,12.172700000000011,0.27186440677966106,0.5236008091706001,0.46153846153846145,0.3853201384487029
SULAWESI BARAT,2024,11.21,68.2,8.15,0.4983142279163857,0.5412087912087913,12.51340000000002,0.2623728813559322,0.5016857720836143,0.4587912087912087,0.37345041406129215
SULAWESI SELATAN,2019,8.69,71.66,8.26,0.6149696561024947,0.5563186813186811,8.451100000000014,0.17694915254237284,0.38503034389750534,0.4436813186813189,0.2927199431767018
SULAWESI SELATAN,2020,8.72,71.93,8.38,0.6240728253540124,0.5728021978021978,8.066900000000011,0.17796610169491525,0.37592717464598757,0.42719780219780223,0.2872007636808144
SULAWESI SELATAN,2021,8.78,72.24,8.46,0.6345246122724204,0.5837912087912089,8.10189999999999,0.17999999999999997,0.3654753877275796,0.41620879120879106,0.28288437456003207
SULAWESI SELATAN,2022,8.63,72.82,8.63,0.6540795684423462,0.6071428571428572,7.841599999999999,0.17491525423728818,0.34592043155765384,0.3928571428571428,0.26980518515736884
SULAWESI SELATAN,2023,8.7,73.46,8.76,0.6756574511126094,0.6249999999999998,8.210500000000007,0.1772881355932203,0.32434254888739056,0.3750000000000002,0.26094683246282735
SULAWESI SELATAN,2024,8.06,74.05,8.86,0.6955495616992582,0.6387362637362635,7.754999999999991,0.15559322033898307,0.3044504383007418,0.36126373626373653,0.2413844889124614
SULAWESI TENGAH,2019,13.48,69.5,8.75,0.5421443020903574,0.6236263736263736,13.133500000000009,0.33932203389830506,0.45785569790964264,0.37637362637362637,0.3822924515967706
SULAWESI TENGAH,2020,12.92,69.55,8.83,0.5438300741739714,0.6346153846153846,12.9219,0.3203389830508474,0.45616992582602855,0.3653846153846154,0.3700973923501553
SULAWESI TENGAH,2021,13.0,69.79,8.89,0.5519217801753207,0.6428571428571428,12.920300000000003,0.32305084745762713,0.4480782198246793,0.3571428571428572,0.3673774611047888
SULAWESI TENGAH,2022,12.33,70.28,8.89,0.5684423465947404,0.6428571428571428,12.428800000000003,0.3003389830508475,0.43155765340525964,0.3571428571428572,0.35106535897557306
SULAWESI TENGAH,2023,12.41,70.95,8.96,0.5910316925151722,0.6524725274725276,10.527299999999999,0.3030508474576271,0.4089683074848278,0.3475274725274724,0.34372141047975635
SULAWESI TENGAH,2024,11.77,71.56,9.04,0.6115981119352665,0.6634615384615383,11.627599999999994,0.28135593220338984,0.3884018880647335,0.3365384615384617,0.3245062248288073
SULAWESI TENGGARA,2019,11.24,71.2,8.91,0.5994605529332435,0.6456043956043955,10.788500000000006,0.26338983050847453,0.4005394470667565,0.35439560439560447,0.3227358702533851
SULAWESI TENGGARA,2020,11.0,71.45,9.04,0.6078894133513149,0.6634615384615383,11.351699999999996,0.25525423728813557,0.39211058664868514,0.3365384615384617,0.3125679869463657
SULAWESI TENGGARA,2021,11.66,71.66,9.13,0.6149696561024947,0.6758241758241759,11.1151,0.27762711864406775,0.38503034389750534,0.32417582417582413,0.3191578273264503
SULAWESI TENGGARA,2022,11.17,72.23,9.25,0.6341874578556979,0.6923076923076923,10.65029999999999,0.26101694915254237,0.36581254214430214,0.3076923076923077,0.30179069875802333
SULAWESI TENGGARA,2023,11.43,72.79,9.31,0.6530681051921781,0.7005494505494505,11.062899999999992,0.26983050847457624,0.34693189480782194,0.2994505494505495,0.2988849325697446
SULAWESI TENGGARA,2024,11.21,73.48,9.42,0.6763317599460554,0.7156593406593406,10.357700000000008,0.2623728813559322,0.32366824005394457,0.28434065934065944,0.28515504456228136
SULAWESI UTARA,2019,7.66,72.99,9.43,0.6598111935266349,0.7170329670329669,8.749099999999997,0.14203389830508475,0.34018880647336514,0.28296703296703307,0.22966699768795854
SULAWESI UTARA,2020,7.62,72.93,9.49,0.6577882670262982,0.7252747252747251,8.8542,0.1406779661016949,0.3422117329737018,0.27472527472527486,0.22794755788801296
SULAWESI UTARA,2021,7.77,73.3,9.62,0.6702629804450437,0.7431318681318679,8.763299999999994,0.14576271186440679,0.32973701955495627,0.25686813186813207,0.22317608817231668
SULAWESI UTARA,2022,7.28,73.81,9.68,0.6874578556979098,0.7513736263736261,8.89289999999999,0.12915254237288135,0.31254214430209015,0.24862637362637385,0.2080641892023425
SULAWESI UTARA,2023,7.38,74.36,9.77,0.7060013486176671,0.7637362637362635,7.755399999999997,0.13254237288135592,0.29399865138233294,0.23626373626373653,0.20172352910812513
SULAWESI UTARA,2024,7.25,75.03,9.84,0.7285906945380984,0.7733516483516483,7.0039,0.128135593220339,0.27140930546190156,0.22664835164835173,0.19082025857841028
SUMATERA BARAT,2019,6.42,72.39,8.92,0.6395819285232636,0.6469780219780219,6.656299999999993,0.09999999999999998,0.36041807147673643,0.3530219780219781,0.22872981704741652
SUMATERA BARAT,2020,6.28,72.38,8.99,0.6392447741065406,0.6565934065934065,6.9017999999999855,0.09525423728813559,0.36075522589345943,0.3434065934065935,0.22453500509342433
SUMATERA BARAT,2021,6.63,72.65,9.07,0.6483479433580583,0.6675824175824174,7.374200000000001,0.10711864406779659,0.35165205664194166,0.33241758241758257,0.2255384555099973
SUMATERA BARAT,2022,5.92,73.26,9.18,0.6689143627781526,0.6826923076923075,6.148199999999999,0.08305084745762711,0.33108563722184736,0.3173076923076925,0.2043126533569063
SUMATERA BARAT,2023,5.95,73.75,9.28,0.6854349291975723,0.6964285714285712,6.3047999999999975,0.0840677966101695,0.3145650708024277,0.3035714285714288,0.1971177052600988
SUMATERA BARAT,2024,5.97,74.49,9.44,0.7103843560350638,0.7184065934065933,6.4197000000000095,0.0847457627118644,0.2896156439649362,0.2815934065934067,0.1855762558640944
SUMATERA SELATAN,2019,12.71,70.02,8.18,0.559676331759946,0.5453296703296702,12.439600000000008,0.3132203389830509,0.440323668240054,0.45467032967032983,0.3796413358976076
SUMATERA SELATAN,2020,12.66,70.01,8.24,0.5593391773432235,0.5535714285714286,12.677900000000006,0.31152542372881353,0.44066082265677653,0.4464285714285714,0.377246672947154
SUMATERA SELATAN,2021,12.84,70.24,8.3,0.5670937289278488,0.5618131868131868,12.655399999999995,0.3176271186440678,0.4329062710721512,0.4381868131868132,0.3763228032810419
SUMATERA SELATAN,2022,11.9,70.9,8.37,0.5893459204315576,0.5714285714285712,9.22119999999999,0.2857627118644068,0.41065407956844235,0.4285714285714288,0.3517918655170219
SUMATERA SELATAN,2023,11.78,71.62,8.5,0.6136210384356036,0.5892857142857142,9.97379999999999,0.2816949152542373,0.38637896156439644,0.4107142857142858,0.33890400323929476
SUMATERA SELATAN,2024,10.97,72.3,8.57,0.6365475387727579,0.5989010989010988,9.714400000000008,0.2542372881355932,0.36345246122724206,0.40109890109890123,0.31637416265574947
SUMATERA UTARA,2019,8.83,71.74,9.45,0.6176668914362777,0.7197802197802197,9.591900000000011,0.18169491525423728,0.38233310856372227,0.28021978021978033,0.26159134624019137
SUMATERA UTARA,2020,8.75,71.77,9.54,0.6186783546864463,0.732142857142857,9.094700000000001,0.1789830508474576,0.3813216453135537,0.267857142857143,0.2574594475892235
SUMATERA UTARA,2021,9.01,72.0,9.58,0.6264329062710721,0.7376373626373625,10.332399999999996,0.18779661016949153,0.37356709372892793,0.26236263736263754,0.2584409606759517
SUMATERA UTARA,2022,8.42,72.71,9.71,0.650370869858395,0.7554945054945055,9.74769999999999,0.16779661016949152,0.349629130141605,0.24450549450549453,0.23768814302832614
SUMATERA UTARA,2023,8.15,73.37,9.82,0.6726230613621038,0.7706043956043955,10.494099999999989,0.1586440677966102,0.3273769386378962,0.22939560439560447,0.22341423636879482
SUMATERA UTARA,2024,7.99,74.02,9.93,0.6945380984490896,0.7857142857142856,9.1872,0.15322033898305085,0.30546190155091035,0.2142857142857144,0.21110588281394138
