Provinsi_Clean,Tahun,Persentase_Penduduk_Miskin,IPM,Rata_Rata_Lama_Sekolah,IPM_Norm,RLS_Norm,Prediksi_Kemiskinan_AI,Score_Poverty,Score_IPM_Inv,Score_RLS_Inv,Skor_Prioritas_Bansos
ACEH,2019,15.32,71.9,9.18,0.5061837455830394,0.5227272727272727,13.305199999999996,0.4925187032418952,0.49381625441696064,0.4772727272727273,0.48985877340058126
ACEH,2020,14.99,71.99,9.33,0.5101590106007068,0.5537190082644627,13.041800000000002,0.4788029925187032,0.4898409893992932,0.44628099173553726,0.475609991426247
ACEH,2021,15.33,72.18,9.37,0.5185512367491172,0.5619834710743801,13.796000000000003,0.4929343308395676,0.4814487632508828,0.43801652892561993,0.47850510018017267
ACEH,2022,14.64,72.8,9.44,0.5459363957597176,0.5764462809917354,12.700700000000001,0.4642560266001662,0.45406360424028236,0.42355371900826455,0.45305783837382074
ACEH,2023,14.45,73.4,9.55,0.5724381625441701,0.5991735537190084,12.487000000000013,0.4563591022443889,0.4275618374558299,0.4008264462809916,0.43661339161514173
ACEH,2024,14.23,74.03,9.64,0.6002650176678448,0.6177685950413225,11.563200000000004,0.4472152950955942,0.3997349823321552,0.38223140495867747,0.41997442323917916
BALI,2019,3.79,75.38,8.84,0.6598939929328624,0.4524793388429751,4.020600000000002,0.01330008312551953,0.34010600706713756,0.5475206611570249,0.218185975914306
BALI,2020,3.78,75.5,8.95,0.6651943462897529,0.4752066115702478,3.9664999999999946,0.012884455527847033,0.33480565371024706,0.5247933884297522,0.2118426015629481
BALI,2021,4.53,75.69,9.06,0.6735865724381629,0.4979338842975207,4.333699999999991,0.04405652535328344,0.3264134275618371,0.5020661157024793,0.22036551408568872
BALI,2022,4.57,76.44,9.39,0.706713780918728,0.5661157024793391,4.732199999999997,0.045719035743973374,0.29328621908127195,0.43388429752066093,0.19762224310050047
BALI,2023,4.25,77.1,9.45,0.7358657243816253,0.5785123966942147,4.5615000000000006,0.032418952618453845,0.26413427561837466,0.4214876033057853,0.17974727965589637
BALI,2024,4.0,77.76,9.54,0.7650176678445235,0.5971074380165289,4.2795000000000005,0.022028262676641708,0.23498233215547648,0.4028925619834711,0.16208734338165803
BANTEN,2019,5.09,72.44,8.74,0.5300353356890461,0.4318181818181819,5.569099999999995,0.06733167082294261,0.46996466431095385,0.5681818181818181,0.2882915983411211
BANTEN,2020,5.92,72.45,8.89,0.5304770318021204,0.46280991735537214,6.481899999999997,0.10182876142975891,0.46952296819787964,0.5371900826446279,0.29920928770316896
BANTEN,2021,6.66,72.72,8.93,0.542402826855124,0.47107438016528924,6.7781,0.13258520365752283,0.457597173144876,0.5289256198347108,0.30935687773916637
BANTEN,2022,6.16,73.32,9.13,0.568904593639576,0.5123966942148763,6.408500000000003,0.11180382377389855,0.431095406360424,0.4876033057851237,0.2827511949521012
BANTEN,2023,6.17,73.87,9.15,0.5931978798586579,0.5165289256198349,6.325899999999999,0.11221945137157105,0.4068021201413421,0.4834710743801651,0.2748445766042212
BANTEN,2024,5.84,74.48,9.23,0.6201413427561842,0.5330578512396695,6.066499999999999,0.09850374064837902,0.37985865724381584,0.46694214876033047,0.25659789724940035
BENGKULU,2019,15.23,71.21,8.73,0.47570671378091856,0.4297520661157026,12.62790000000001,0.48877805486284276,0.5242932862190814,0.5702479338842974,0.5157266000740053
BENGKULU,2020,15.03,71.4,8.84,0.48409893992932895,0.4524793388429751,14.020999999999985,0.48046550290939305,0.515901060070671,0.5475206611570249,0.5045072017073028
BENGKULU,2021,15.22,71.64,8.87,0.49469964664310995,0.45867768595041314,13.90210000000001,0.4883624272651703,0.50530035335689,0.5413223140495869,0.5040357824495696
BENGKULU,2022,14.62,72.16,8.91,0.5176678445229683,0.4669421487603307,13.07509999999999,0.4634247714048212,0.4823321554770317,0.5330578512396693,0.483023602593454
BENGKULU,2023,14.04,72.78,9.03,0.5450530035335692,0.49173553719008245,12.241799999999987,0.43931837073981694,0.4549469964664308,0.5082644628099175,0.45779617687182117
BENGKULU,2024,13.56,73.39,9.04,0.5719964664310955,0.4938016528925617,11.303199999999986,0.4193682460515378,0.4280035335689045,0.5061983471074383,0.43932485251792786
DI YOGYAKARTA,2019,11.7,79.99,9.38,0.8635159010600706,0.5640495867768598,11.432700000000011,0.3420615128844554,0.1364840989399294,0.4359504132231402,0.29916606876883456
DI YOGYAKARTA,2020,12.28,79.97,9.55,0.8626325088339226,0.5991735537190084,12.003499999999992,0.36616791354945954,0.13736749116607738,0.4008264462809916,0.3044594933807513
DI YOGYAKARTA,2021,12.8,80.22,9.64,0.8736749116607774,0.6177685950413225,12.483699999999985,0.3877805486284288,0.12632508833922262,0.38223140495867747,0.3082340818077167
DI YOGYAKARTA,2022,11.34,80.64,9.75,0.8922261484098941,0.640495867768595,11.283499999999998,0.327098919368246,0.10777385159010588,0.359504132231405,0.26778244160743575
DI YOGYAKARTA,2023,11.04,81.07,9.83,0.9112190812720846,0.6570247933884297,10.74279999999999,0.3146300914380714,0.08878091872791538,0.3429752066115703,0.2525443626597244
DI YOGYAKARTA,2024,10.83,81.55,9.92,0.9324204946996466,0.6756198347107436,10.174700000000005,0.30590191188694926,0.06757950530035339,0.3243801652892564,0.23810084059143194
DKI JAKARTA,2019,3.47,80.76,11.06,0.8975265017667851,0.9111570247933887,4.117900000000003,0.0,0.10247349823321494,0.08884297520661133,0.04851064451128675
DKI JAKARTA,2020,4.53,80.77,11.13,0.8979681978798588,0.925619834710744,4.532099999999997,0.04405652535328344,0.10203180212014118,0.07438016528925595,0.06751383637053526
DKI JAKARTA,2021,4.72,81.11,11.17,0.9129858657243819,0.9338842975206612,4.639200000000005,0.051953449709060656,0.0870141342756181,0.06611570247933884,0.06530410563308353
DKI JAKARTA,2022,4.69,81.65,11.31,0.9368374558303891,0.9628099173553719,4.7116,0.05070656691604322,0.06316254416961087,0.037190082644628086,0.05174006323783049
DKI JAKARTA,2023,4.44,82.46,11.45,0.9726148409893991,0.9917355371900827,4.4968,0.040315876974231085,0.0273851590106009,0.008264462809917328,0.030026378752279276
DKI JAKARTA,2024,4.3,83.08,11.49,1.0,1.0000000000000002,4.446400000000004,0.03449709060681627,0.0,-2.220446049250313e-16,0.01724854530340809
GORONTALO,2019,15.52,68.49,7.69,0.35556537102473484,0.2148760330578514,13.686999999999996,0.5008312551953449,0.6444346289752652,0.7851239669421486,0.6007708096786817
GORONTALO,2020,15.22,68.68,7.82,0.36395759717314524,0.24173553719008267,13.749700000000013,0.4883624272651703,0.6360424028268548,0.7582644628099173,0.586646827042625
GORONTALO,2021,15.61,69.0,7.9,0.37809187279151946,0.25826446280991755,14.849399999999985,0.5045719035743972,0.6219081272084805,0.7417355371900825,0.5872054973877592
GORONTALO,2022,15.42,69.81,8.02,0.4138692579505303,0.2830578512396693,14.595400000000007,0.49667497921862,0.5861307420494697,0.7169421487603307,0.567565141976217
GORONTALO,2023,15.15,70.45,8.1,0.44213780918727963,0.29958677685950397,13.827700000000014,0.4854530340814629,0.5578621908127204,0.700413223140496,0.5501678189126468
GORONTALO,2024,14.57,71.23,8.29,0.4765901060070674,0.33884297520661133,12.339300000000005,0.46134663341645876,0.5234098939929326,0.6611570247933887,0.5199276898647869
JAMBI,2019,7.6,71.26,8.45,0.47791519434629004,0.37190082644628086,7.6594000000000095,0.17165419783873645,0.52208480565371,0.6280991735537191,0.36807237532622505
JAMBI,2020,7.58,71.29,8.55,0.47924028268551266,0.3925619834710745,7.427000000000005,0.1708229426433915,0.5207597173144873,0.6074380165289255,0.36312698982182706
JAMBI,2021,8.09,71.63,8.6,0.4942579505300353,0.4028925619834711,7.719199999999994,0.19201995012468823,0.5057420494699647,0.5971074380165289,0.3671540775066393
JAMBI,2022,7.62,72.14,8.68,0.5167844522968199,0.4194214876033058,7.593400000000002,0.17248545303408144,0.4832155477031801,0.5805785123966942,0.3473230933073336
JAMBI,2023,7.58,72.77,8.81,0.5446113074204946,0.44628099173553726,8.360600000000009,0.1708229426433915,0.4553886925795054,0.5537190082644627,0.33277188074843994
JAMBI,2024,7.1,73.43,8.9,0.5737632508833928,0.4648760330578514,7.695300000000008,0.15087281795511218,0.42623674911660725,0.5351239669421486,0.310332227100968
JAWA BARAT,2019,6.91,72.03,8.37,0.5119257950530036,0.3553719008264462,7.812100000000004,0.14297589359933496,0.4880742049469964,0.6446280991735538,0.34683582811847713
JAWA BARAT,2020,7.88,72.09,8.55,0.5145759717314493,0.3925619834710745,8.048099999999998,0.18329177057356602,0.4854240282685507,0.6074380165289255,0.35876069707313335
JAWA BARAT,2021,8.4,72.45,8.61,0.5304770318021204,0.4049586776859504,7.489999999999991,0.2049044056525353,0.46952296819787964,0.5950413223140496,0.3623173577484415
JAWA BARAT,2022,8.06,73.12,8.78,0.5600706713780923,0.440082644628099,7.742199999999986,0.1907730673316708,0.4399293286219077,0.559917355371901,0.3393488033267879
JAWA BARAT,2023,7.62,73.74,8.83,0.5874558303886928,0.4504132231404958,7.654100000000001,0.17248545303408144,0.41254416961130724,0.5495867768595042,0.31992333277233376
JAWA BARAT,2024,7.46,74.43,8.87,0.6179328621908131,0.45867768595041314,7.0581,0.16583541147132166,0.3820671378091869,0.5413223140495869,0.30580230988833423
JAWA TENGAH,2019,10.8,71.73,7.53,0.4986749116607778,0.18181818181818188,10.777099999999987,0.30465502909393183,0.5013250883392222,0.8181818181818181,0.4663614046850962
JAWA TENGAH,2020,11.41,71.87,7.69,0.5048586572438167,0.2148760330578514,11.315099999999996,0.3300083125519534,0.49514134275618327,0.7851239669421486,0.4705713524912614
JAWA TENGAH,2021,11.79,72.16,7.75,0.5176678445229683,0.2272727272727273,11.62429999999999,0.3458021612635078,0.4823321554770317,0.7727272727272727,0.472146181820318
JAWA TENGAH,2022,10.93,72.79,7.93,0.5454946996466434,0.2644628099173554,10.698299999999987,0.3100581878636741,0.45450530035335657,0.7355371900826446,0.43848812205437293
JAWA TENGAH,2023,10.77,73.39,8.01,0.5719964664310955,0.28099173553719003,10.609499999999992,0.3034081463009143,0.4280035335689045,0.71900826446281,0.4239067861136905
JAWA TENGAH,2024,10.47,73.88,8.02,0.5936395759717317,0.2830578512396693,10.29120000000001,0.29093931837073983,0.40636042402826833,0.7169421487603307,0.4107662161459166
JAWA TIMUR,2019,10.37,71.5,7.59,0.48851590106007103,0.19421487603305776,9.862699999999998,0.28678304239401486,0.511484098939929,0.8057851239669422,0.45799377567237454
JAWA TIMUR,2020,11.09,71.71,7.78,0.49779151943462896,0.23347107438016534,10.965799999999994,0.31670822942643384,0.502208480565371,0.7665289256198347,0.46232244400679523
JAWA TIMUR,2021,11.4,72.14,7.88,0.5167844522968199,0.2541322314049588,11.155999999999992,0.32959268495428096,0.4832155477031801,0.7458677685950412,0.45893456050710274
JAWA TIMUR,2022,10.38,72.75,8.03,0.5437279151943466,0.2851239669421486,9.418899999999999,0.2871986699916874,0.4562720848056534,0.7148760330578514,0.42345616704911004
JAWA TIMUR,2023,10.35,73.38,8.11,0.5715547703180213,0.30165289256198347,9.253600000000008,0.28595178719866987,0.42844522968197873,0.6983471074380165,0.41117888399153185
JAWA TIMUR,2024,9.79,74.09,8.28,0.60291519434629,0.33677685950413205,8.416599999999992,0.26267664172901073,0.39708480565370996,0.663223140495868,0.38310839065979196
KALIMANTAN BARAT,2019,7.49,67.65,7.31,0.31846289752650225,0.13636363636363624,8.3242,0.1670822942643391,0.6815371024734977,0.8636363636363638,0.4607295506014917
KALIMANTAN BARAT,2020,7.17,67.66,7.37,0.318904593639576,0.14876033057851235,7.717299999999995,0.1537822111388196,0.681095406360424,0.8512396694214877,0.4514676613618345
KALIMANTAN BARAT,2021,7.15,67.9,7.45,0.32950530035335746,0.16528925619834722,7.86479999999999,0.1529509559434746,0.6704946996466425,0.8347107438016528,0.44456603662606065
KALIMANTAN BARAT,2022,6.73,68.63,7.59,0.36174911660777376,0.19421487603305776,10.038000000000006,0.13549459684123025,0.6382508833922262,0.8057851239669422,0.42037958823167143
KALIMANTAN BARAT,2023,6.71,69.41,7.71,0.396201413427562,0.21900826446280997,9.560100000000002,0.13466334164588525,0.603798586572438,0.78099173553719,0.40466959390211205
KALIMANTAN BARAT,2024,6.32,70.13,7.78,0.4280035335689045,0.23347107438016534,9.139100000000015,0.11845386533665833,0.5719964664310955,0.7665289256198347,0.3841316577216247
KALIMANTAN SELATAN,2019,4.55,70.72,8.2,0.4540636042402828,0.3202479338842974,6.768099999999995,0.04488778054862841,0.5459363957597172,0.6797520661157026,0.3221752222253699
KALIMANTAN SELATAN,2020,4.38,70.91,8.29,0.46245583038869276,0.33884297520661133,6.287099999999997,0.03782211138819616,0.5375441696113072,0.6611570247933887,0.312405711536168
KALIMANTAN SELATAN,2021,4.83,71.28,8.34,0.47879858657243846,0.34917355371900816,6.658700000000006,0.05652535328345801,0.5212014134275615,0.6508264462809918,0.31478838992619584
KALIMANTAN SELATAN,2022,4.49,71.84,8.46,0.5035335689045941,0.3739669421487606,6.397200000000003,0.04239401496259351,0.4964664310954059,0.6260330578512394,0.2953435483801664
KALIMANTAN SELATAN,2023,4.29,72.5,8.55,0.5326855123674914,0.3925619834710745,5.869800000000002,0.034081463009143775,0.4673144876325086,0.6074380165289255,0.27872268110010956
KALIMANTAN SELATAN,2024,4.11,73.03,8.62,0.5560954063604244,0.4070247933884297,5.778000000000007,0.02660016625103906,0.4439045936395756,0.5929752066115703,0.26506650253970626
KALIMANTAN TENGAH,2019,4.98,70.91,8.51,0.46245583038869276,0.38429752066115697,5.883200000000001,0.06275976724854529,0.5375441696113072,0.615702479338843,0.3157836303754334
KALIMANTAN TENGAH,2020,4.82,71.05,8.59,0.46863957597173167,0.4008264462809916,5.840300000000005,0.05610972568578551,0.5313604240282683,0.5991735537190084,0.30729770079517493
KALIMANTAN TENGAH,2021,5.16,71.25,8.64,0.47747349823321583,0.41115702479338867,6.372300000000003,0.07024106400665003,0.5225265017667842,0.5888429752066113,0.3096470775746825
KALIMANTAN TENGAH,2022,5.28,71.63,8.65,0.4942579505300353,0.41322314049586795,6.63909999999999,0.07522859517871985,0.5057420494699647,0.586776859504132,0.30669228433117574
KALIMANTAN TENGAH,2023,5.11,72.2,8.73,0.5194346289752656,0.4297520661157026,7.485900000000007,0.0681629260182876,0.4805653710247344,0.5702479338842974,0.2923006610934236
KALIMANTAN TENGAH,2024,5.17,72.73,8.81,0.5428445229681982,0.44628099173553726,5.902100000000001,0.0706566916043225,0.4571554770318018,0.5537190082644627,0.2832187905645943
KALIMANTAN TIMUR,2019,5.94,76.61,9.7,0.7142226148409896,0.6301652892561982,5.977600000000003,0.1026600166251039,0.2857773851590104,0.3698347107438018,0.21103016600901542
KALIMANTAN TIMUR,2020,6.1,76.24,9.77,0.6978798586572439,0.6446280991735536,6.086000000000007,0.10931005818786363,0.3021201413427561,0.35537190082644643,0.2163654516620479
KALIMANTAN TIMUR,2021,6.54,76.88,9.84,0.7261484098939928,0.659090909090909,6.309500000000003,0.12759767248545298,0.27385159010600724,0.34090909090909105,0.21413613145634686
KALIMANTAN TIMUR,2022,6.31,77.44,9.92,0.7508833922261484,0.6756198347107436,6.1237999999999975,0.11803823773898584,0.24911660777385158,0.3243801652892564,0.19863013425949966
KALIMANTAN TIMUR,2023,6.11,78.2,9.99,0.7844522968197882,0.6900826446280994,6.0061000000000035,0.10972568578553613,0.21554770318021177,0.30991735537190057,0.1815106249212117
KALIMANTAN TIMUR,2024,5.78,78.83,10.02,0.8122791519434629,0.6962809917355373,5.894599999999992,0.09600997506234413,0.1877208480565371,0.30371900826446274,0.16506504360102575
KALIMANTAN UTARA,2019,6.63,71.15,8.94,0.4730565371024742,0.4731404958677685,8.012599999999999,0.13133832086450534,0.5269434628975258,0.5268595041322315,0.32912410012795673
KALIMANTAN UTARA,2020,6.8,70.63,9.0,0.45008833922261493,0.4855371900826446,7.272699999999994,0.1384039900249376,0.5499116607773851,0.5144628099173554,0.3370680552291554
KALIMANTAN UTARA,2021,7.36,71.19,9.11,0.4748233215547706,0.5082644628099173,7.890600000000006,0.1616791354945968,0.5251766784452294,0.49173553719008267,0.3367396787188838
KALIMANTAN UTARA,2022,6.77,71.83,9.27,0.5030918727915195,0.5413223140495866,8.628699999999997,0.13715710723192012,0.49690812720848054,0.45867768595041336,0.30938652896858687
KALIMANTAN UTARA,2023,6.45,72.49,9.34,0.5322438162544172,0.5557851239669422,7.1551000000000045,0.12385702410640062,0.4677561837455828,0.44421487603305776,0.2910983423834867
KALIMANTAN UTARA,2024,6.32,73.02,9.35,0.5556537102473498,0.5578512396694215,6.922600000000006,0.11845386533665833,0.4443462897526502,0.4421487603305785,0.2809605716602399
KEP. BANGKA BELITUNG,2019,4.62,71.3,7.98,0.47968197879858687,0.2747933884297522,6.290699999999999,0.0477971737323358,0.5203180212014131,0.7252066115702478,0.32503531554064136
KEP. BANGKA BELITUNG,2020,4.53,71.47,8.06,0.4871908127208484,0.29132231404958686,5.605399999999988,0.04405652535328344,0.5128091872791516,0.7086776859504131,0.31760655605046983
KEP. BANGKA BELITUNG,2021,4.9,71.69,8.08,0.49690812720848054,0.2954545454545454,6.137099999999991,0.0594347464671654,0.5030918727915195,0.7045454545454546,0.3215540259801295
KEP. BANGKA BELITUNG,2022,4.45,72.24,8.11,0.521201413427562,0.30165289256198347,6.162899999999999,0.040731504571903554,0.478798586572438,0.6983471074380165,0.3036747497452865
KEP. BANGKA BELITUNG,2023,4.52,72.85,8.25,0.5481448763250882,0.3305785123966942,5.728099999999994,0.04364089775561092,0.45185512367491176,0.6694214876033058,0.29126128350094016
KEP. BANGKA BELITUNG,2024,4.55,73.33,8.33,0.5693462897526502,0.3471074380165289,5.460200000000004,0.04488778054862841,0.4306537102473498,0.6528925619834711,0.2822185157452134
KEPULAUAN RIAU,2019,5.9,75.48,9.99,0.6643109540636045,0.6900826446280994,5.950699999999994,0.10099750623441395,0.3356890459363955,0.30991735537190057,0.21318893797250574
KEPULAUAN RIAU,2020,5.92,75.59,10.12,0.6691696113074208,0.7169421487603305,5.9633,0.10182876142975891,0.3308303886925792,0.28305785123966953,0.2067750675705871
KEPULAUAN RIAU,2021,6.12,75.79,10.18,0.678003533568905,0.7293388429752066,6.061800000000002,0.11014131338320862,0.32199646643109503,0.27066115702479343,0.2058018280258915
KEPULAUAN RIAU,2022,6.24,76.46,10.37,0.7075971731448765,0.7685950413223137,6.0414000000000065,0.11512884455527847,0.29240282685512353,0.2314049586776863,0.19156626206971356
KEPULAUAN RIAU,2023,5.69,77.11,10.41,0.7363074204947,0.7768595041322313,5.802600000000004,0.09226932668329177,0.2636925795053,0.22314049586776874,0.16987053636678964
KEPULAUAN RIAU,2024,5.37,77.97,10.5,0.7742932862190814,0.7954545454545456,5.544700000000003,0.07896924355777221,0.22570671378091856,0.20454545454545436,0.14810572682225254
LAMPUNG,2019,12.62,69.57,7.92,0.4032685512367489,0.2623966942148761,13.066699999999985,0.3802992518703241,0.5967314487632511,0.7376033057851239,0.5166897217211621
LAMPUNG,2020,12.34,69.69,8.05,0.4085689045936398,0.2892561983471076,13.18149999999999,0.3686616791354945,0.5914310954063602,0.7107438016528924,0.5039089285202338
LAMPUNG,2021,12.62,69.9,8.08,0.4178445229681982,0.2954545454545454,12.926299999999996,0.3802992518703241,0.5821554770318018,0.7045454545454546,0.5057053599537935
LAMPUNG,2022,11.57,70.45,8.18,0.44213780918727963,0.31611570247933884,11.814700000000009,0.3366583541147131,0.5578621908127204,0.6838842975206612,0.47246469380530487
LAMPUNG,2023,11.11,71.15,8.29,0.4730565371024742,0.33884297520661133,11.109800000000002,0.31753948462177883,0.5269434628975258,0.6611570247933887,0.4490841861388249
LAMPUNG,2024,10.69,71.81,8.36,0.5022084805653715,0.35330578512396693,9.243600000000018,0.3000831255195344,0.4977915194346285,0.6466942148760331,0.4287178615653624
MALUKU,2019,17.69,69.45,9.81,0.3979681978798588,0.6528925619834711,16.703100000000028,0.5910224438902743,0.6020318021201412,0.3471074380165289,0.5455422501844852
MALUKU,2020,17.44,69.49,9.93,0.39973498233215565,0.6776859504132233,17.252500000000023,0.5806317539484621,0.6002650176678443,0.3223140495867767,0.5348581921919396
MALUKU,2021,17.87,69.71,10.03,0.4094522968197878,0.6983471074380165,17.406299999999984,0.598503740648379,0.5905477031802122,0.30165289256198347,0.5367467597906498
MALUKU,2022,15.97,70.22,10.19,0.43197879858657284,0.7314049586776858,15.829700000000011,0.5195344970906067,0.5680212014134272,0.26859504132231415,0.4838926172337944
MALUKU,2023,16.42,70.94,10.2,0.4637809187279154,0.7334710743801651,15.604500000000005,0.5382377389858686,0.5362190812720846,0.2665289256198349,0.48329037899852667
MALUKU,2024,16.05,71.57,10.26,0.49160777385159005,0.7458677685950412,15.173199999999982,0.5228595178719866,0.50839222614841,0.2541322314049588,0.464773873061508
MALUKU UTARA,2019,6.77,68.7,9.0,0.36484098939929366,0.4855371900826446,7.195599999999989,0.13715710723192012,0.6351590106007063,0.5144628099173554,0.36201881877964304
MALUKU UTARA,2020,6.78,68.49,9.04,0.35556537102473484,0.4938016528925617,7.195599999999988,0.13757273482959267,0.6444346289752652,0.5061983471074383,0.36335642552886355
MALUKU UTARA,2021,6.89,68.76,9.09,0.3674911660777389,0.5041322314049588,7.156899999999991,0.14214463840398997,0.6325088339222611,0.4958677685950412,0.3599985230976816
MALUKU UTARA,2022,6.23,69.47,9.24,0.39885159010600724,0.5351239669421488,6.934000000000005,0.11471321695760597,0.6011484098939928,0.4648760330578512,0.3306763380585711
MALUKU UTARA,2023,6.46,70.21,9.26,0.4315371024734982,0.5392561983471074,6.929200000000003,0.12427265170407312,0.5684628975265018,0.46074380165289264,0.32482395544056564
MALUKU UTARA,2024,6.32,71.03,9.37,0.46775618374558325,0.5619834710743801,7.3058000000000085,0.11845386533665833,0.5322438162544167,0.43801652892561993,0.30650338332977817
NUSA TENGGARA BARAT,2019,14.56,68.14,7.27,0.340106007067138,0.12809917355371891,13.599899999999986,0.4609310058187863,0.659893992932862,0.8719008264462811,0.602813866078508
NUSA TENGGARA BARAT,2020,13.97,68.25,7.31,0.3449646643109543,0.13636363636363624,13.376200000000013,0.43640897755610963,0.6550353356890457,0.8636363636363638,0.5874423622120413
NUSA TENGGARA BARAT,2021,14.14,68.65,7.38,0.3626325088339226,0.15082644628099162,12.525700000000008,0.4434746467165419,0.6373674911660774,0.8491735537190084,0.5827822814518959
NUSA TENGGARA BARAT,2022,13.68,69.46,7.61,0.39840989399293303,0.19834710743801653,11.9123,0.4243557772236075,0.601590106007067,0.8016528925619835,0.5529854989263205
NUSA TENGGARA BARAT,2023,13.85,70.2,7.74,0.4310954063604244,0.22520661157024802,12.698999999999996,0.4314214463840398,0.5689045936395756,0.774793388429752,0.541340778969843
NUSA TENGGARA BARAT,2024,12.91,70.93,7.87,0.4633392226148416,0.2520661157024793,11.2351,0.3923524522028262,0.5366607773851584,0.7479338842975207,0.5067612361764647
NUSA TENGGARA TIMUR,2019,21.09,65.23,7.55,0.21157243816254478,0.18595041322314043,21.250499999999974,0.7323358270989192,0.7884275618374552,0.8140495867768596,0.7655060994560681
NUSA TENGGARA TIMUR,2020,20.9,65.19,7.63,0.2098056537102475,0.2024793388429751,21.065400000000007,0.7244389027431419,0.7901943462897525,0.7975206611570249,0.7587818874899017
NUSA TENGGARA TIMUR,2021,20.99,65.28,7.69,0.21378091872791538,0.2148760330578514,21.166999999999987,0.7281795511221943,0.7862190812720846,0.7851239669421486,0.7569802933311522
NUSA TENGGARA TIMUR,2022,20.05,65.9,7.7,0.24116607773851628,0.2169421487603307,17.97109999999998,0.6891105569409808,0.7588339222614837,0.7830578512396693,0.7288170253968693
NUSA TENGGARA TIMUR,2023,19.96,66.68,7.82,0.2756183745583045,0.24173553719008267,17.336400000000012,0.6853699085619284,0.7243816254416955,0.7582644628099173,0.7116523344754563
NUSA TENGGARA TIMUR,2024,19.48,67.39,8.02,0.30697879858657284,0.2830578512396693,16.65390000000001,0.6654197838736491,0.6930212014134272,0.7169421487603307,0.6840046821129188
PAPUA,2019,27.53,60.84,6.65,0.017667844522968768,0.0,26.959300000000038,0.9999999999999998,0.9823321554770312,1.0,0.9946996466431093
PAPUA,2020,26.64,60.44,6.69,0.0,0.00826446280991755,26.554300000000026,0.9630091438071486,1.0,0.9917355371900825,0.9798516793415908
PAPUA,2021,26.86,60.62,6.76,0.007950530035335746,0.022727272727272707,26.566600000000015,0.9721529509559432,0.9920494699646643,0.9772727272727273,0.9791458619219163
PAPUA,2022,26.56,71.76,7.02,0.5000000000000004,0.07644628099173545,22.98929999999997,0.9596841230257687,0.49999999999999956,0.9235537190082646,0.814552805314537
PAPUA,2023,26.03,72.41,7.15,0.5287102473498235,0.10330578512396693,19.61349999999999,0.937655860349127,0.4712897526501765,0.8966942148760331,0.7895536989448231
PAPUA,2024,22.87,64.95333333333333,7.463333333333334,0.19935217903415792,0.16804407713498626,22.39749999999995,0.8063175394846217,0.8006478209658421,0.8319559228650137,0.8097443006050662
PAPUA BARAT,2019,22.17,64.7,7.44,0.18816254416961176,0.16322314049586795,22.224500000000003,0.7772236076475477,0.8118374558303882,0.836776859504132,0.7995184124737167
PAPUA BARAT,2020,21.37,65.09,7.6,0.20538869257950587,0.19628099173553704,21.332099999999965,0.7439733998337489,0.7946113074204941,0.803719008264463,0.7711138937959152
PAPUA BARAT,2021,21.84,65.26,7.69,0.2128975265017674,0.2148760330578514,21.472999999999974,0.7635078969243556,0.7871024734982326,0.7851239669421486,0.7749094839000772
PAPUA BARAT,2022,21.33,65.16,7.84,0.20848056537102488,0.24586776859504123,19.802699999999973,0.7423108894430588,0.7915194346289751,0.7541322314049588,0.7594377213912137
PAPUA BARAT,2023,20.49,66.16,7.93,0.25265017667844525,0.2644628099173554,16.56609999999999,0.7073981712385701,0.7473498233215548,0.7355371900826446,0.7250114706322803
RIAU,2019,7.08,73.0,9.03,0.5547703180212018,0.49173553719008245,8.015600000000008,0.15004156275976724,0.4452296819787982,0.5082644628099175,0.3102425785355066
RIAU,2020,6.82,72.71,9.14,0.5419611307420493,0.5144628099173556,6.751000000000005,0.1392352452202826,0.4580388692579507,0.4855371900826444,0.3041367214040554
RIAU,2021,7.12,72.94,9.19,0.5521201413427561,0.524793388429752,6.8560000000000025,0.15170407315045717,0.4478798586572439,0.475206611570248,0.3052573164864513
RIAU,2022,6.78,73.52,9.22,0.5777385159010602,0.5309917355371903,7.291699999999989,0.13757273482959267,0.4222614840989398,0.46900826446280974,0.2892664655370403
RIAU,2023,6.68,74.04,9.32,0.6007067137809194,0.5516528925619835,7.5724999999999945,0.13341645885286776,0.39929328621908056,0.44834710743801653,0.27616563677976136
RIAU,2024,6.67,74.79,9.43,0.6338339222614846,0.5743801652892562,6.5209,0.13300083125519532,0.3661660777385154,0.4256198347107438,0.26147420589130105
SULAWESI BARAT,2019,11.02,65.73,7.73,0.23365724381625474,0.22314049586776874,13.684899999999987,0.3137988362427264,0.7663427561837453,0.7768595041322313,0.542174145802933
SULAWESI BARAT,2020,10.87,66.11,7.89,0.2504416961130742,0.25619834710743805,13.767999999999983,0.30756442227763914,0.7495583038869258,0.743801652892562,0.5274100328834097
SULAWESI BARAT,2021,11.29,66.36,7.96,0.2614840989399294,0.27066115702479343,14.28949999999999,0.32502078137988355,0.7385159010600706,0.7293388429752066,0.5299329296030043
SULAWESI BARAT,2022,11.75,66.92,8.08,0.28621908127208506,0.2954545454545454,13.960200000000007,0.34413965087281795,0.7137809187279149,0.7045454545454546,0.5271131919638743
SULAWESI BARAT,2023,11.49,67.55,8.13,0.31404593639575973,0.30578512396694224,11.736000000000008,0.33333333333333326,0.6859540636042403,0.6942148760330578,0.5112958609545503
SULAWESI BARAT,2024,11.21,68.2,8.15,0.34275618374558325,0.309917355371901,11.597800000000014,0.3216957605985037,0.6572438162544167,0.690082644628099,0.49603755410119665
SULAWESI SELATAN,2019,8.69,71.66,8.26,0.4955830388692579,0.3326446280991735,8.697700000000017,0.21695760598503736,0.5044169611307421,0.6673553719008265,0.3932749657119066
SULAWESI SELATAN,2020,8.72,71.93,8.38,0.507508833922262,0.3574380165289257,8.291900000000012,0.21820448877805484,0.492491166077738,0.6425619834710743,0.38536199090656365
SULAWESI SELATAN,2021,8.78,72.24,8.46,0.521201413427562,0.3739669421487606,8.324199999999989,0.2206982543640897,0.478798586572438,0.6260330578512394,0.3791953147240241
SULAWESI SELATAN,2022,8.63,72.82,8.63,0.5468197879858656,0.40909090909090917,8.2764,0.2144638403990025,0.4531802120141344,0.5909090909090908,0.36136780198555973
SULAWESI SELATAN,2023,8.7,73.46,8.76,0.5750883392226149,0.43595041322314043,8.448800000000007,0.2173732335827098,0.42491166077738507,0.5640495867768596,0.34897003237994234
SULAWESI SELATAN,2024,8.06,74.05,8.86,0.6011484098939932,0.45661157024793386,7.970299999999992,0.1907730673316708,0.3988515901060068,0.5433884297520661,0.32371969664805067
SULAWESI TENGAH,2019,13.48,69.5,8.75,0.40017667844522986,0.43388429752066116,13.110000000000008,0.4160432252701579,0.5998233215547701,0.5661157024793388,0.5011917495973778
SULAWESI TENGAH,2020,12.92,69.55,8.83,0.4023851590106009,0.4504132231404958,12.921500000000004,0.39276807980049866,0.5976148409893991,0.5495867768595042,0.4855858475689699
SULAWESI TENGAH,2021,13.0,69.79,8.89,0.41298586572438234,0.46280991735537214,12.6567,0.3960931005818785,0.5870141342756177,0.5371900826446279,0.48158880710255014
SULAWESI TENGAH,2022,12.33,70.28,8.89,0.4346289752650181,0.46280991735537214,12.279199999999996,0.368246051537822,0.5653710247349819,0.5371900826446279,0.46117234971833115
SULAWESI TENGAH,2023,12.41,70.95,8.96,0.4642226148409896,0.4772727272727275,10.329699999999995,0.37157107231920194,0.5357773851590104,0.5227272727272725,0.45106420625275856
SULAWESI TENGAH,2024,11.77,71.56,9.04,0.4911660777385163,0.4938016528925617,11.469599999999991,0.34497090606816283,0.5088339222614837,0.5061983471074383,0.4263752991340142
SULAWESI TENGGARA,2019,11.24,71.2,8.91,0.4752650176678448,0.4669421487603307,11.253700000000006,0.3229426433915211,0.5247349823321552,0.5330578512396693,0.425503386643341
SULAWESI TENGGARA,2020,11.0,71.45,9.04,0.4863074204947,0.4938016528925617,11.158699999999994,0.31296758104738154,0.5136925795053,0.5061983471074383,0.41183123379676845
SULAWESI TENGGARA,2021,11.66,71.66,9.13,0.4955830388692579,0.5123966942148763,11.4166,0.34039900249376553,0.5044169611307421,0.4876033057851237,0.41904525074313015
SULAWESI TENGGARA,2022,11.17,72.23,9.25,0.5207597173144882,0.5371900826446281,10.082199999999986,0.3200332502078137,0.4792402826855118,0.4628099173553719,0.3963506933806348
SULAWESI TENGGARA,2023,11.43,72.79,9.31,0.5454946996466434,0.5495867768595042,10.77639999999999,0.3308395677472984,0.45450530035335657,0.4504132231404958,0.3918540186077553
SULAWESI TENGGARA,2024,11.21,73.48,9.42,0.5759717314487638,0.5723140495867769,10.049000000000008,0.3216957605985037,0.4240282685512362,0.4276859504132231,0.3735935509472673
SULAWESI UTARA,2019,7.66,72.99,9.43,0.5543286219081272,0.5743801652892562,8.409099999999999,0.17414796342477137,0.44567137809187285,0.4256198347107438,0.30589936208209634
SULAWESI UTARA,2020,7.62,72.93,9.49,0.5516784452296823,0.5867768595041323,8.676,0.17248545303408144,0.44832155477031765,0.4132231404958677,0.30338382104730954
SULAWESI UTARA,2021,7.77,73.3,9.62,0.5680212014134276,0.6136363636363635,8.663099999999993,0.17871986699916867,0.4319787985865724,0.38636363636363646,0.29622630034828334
SULAWESI UTARA,2022,7.28,73.81,9.68,0.5905477031802122,0.6260330578512396,8.23169999999999,0.15835411471321695,0.4094522968197878,0.37396694214876036,0.2768061348322969
SULAWESI UTARA,2023,7.38,74.36,9.77,0.6148409893992937,0.6446280991735536,7.513799999999995,0.16251039068994175,0.38515901060070634,0.35537190082644643,0.26787727869047206
SULAWESI UTARA,2024,7.25,75.03,9.84,0.6444346289752652,0.659090909090909,6.965599999999999,0.15710723192019946,0.35556537102473484,0.34090909090909105,0.2534050454493384
SUMATERA BARAT,2019,6.42,72.39,8.92,0.5278268551236751,0.46900826446280997,6.536899999999995,0.12261014131338319,0.4721731448763249,0.53099173553719,0.3091553612270271
SUMATERA BARAT,2020,6.28,72.38,8.99,0.5273851590106009,0.48347107438016534,7.1246999999999865,0.1167913549459684,0.4726148409893991,0.5165289256198347,0.30348591489377086
SUMATERA BARAT,2021,6.63,72.65,9.07,0.5393109540636045,0.5,7.231199999999998,0.13133832086450534,0.4606890459363955,0.5,0.3038758742131713
SUMATERA BARAT,2022,5.92,73.26,9.18,0.5662544169611312,0.5227272727272727,6.160199999999999,0.10182876142975891,0.4337455830388688,0.4772727272727273,0.27649260108108553
SUMATERA BARAT,2023,5.95,73.75,9.28,0.587897526501767,0.5433884297520659,6.4564999999999975,0.10307564422277637,0.41210247349823304,0.4566115702479341,0.2664908782104449
SUMATERA BARAT,2024,5.97,74.49,9.44,0.6205830388692579,0.5764462809917354,6.464900000000011,0.10390689941812131,0.3794169611307421,0.42355371900826455,0.2504892818499362
SUMATERA SELATAN,2019,12.71,70.02,8.18,0.42314487632508824,0.31611570247933884,12.551500000000015,0.3840399002493765,0.5768551236749118,0.6838842975206612,0.501853346731294
SUMATERA SELATAN,2020,12.66,70.01,8.24,0.4227031802120145,0.32851239669421495,12.45790000000001,0.3819617622610141,0.5772968197879855,0.671487603305785,0.4984674477280597
SUMATERA SELATAN,2021,12.84,70.24,8.3,0.4328621908127208,0.34090909090909105,12.339299999999998,0.3894430590191188,0.5671378091872792,0.659090909090909,0.49668105408392493
SUMATERA SELATAN,2022,11.9,70.9,8.37,0.462014134275619,0.3553719008264462,10.091899999999988,0.35037406483790523,0.537985865724381,0.6446280991735538,0.4655084119709777
SUMATERA SELATAN,2023,11.78,71.62,8.5,0.49381625441696153,0.3822314049586777,9.906899999999988,0.34538653366583527,0.5061837455830385,0.6177685950413223,0.4481021095160936
SUMATERA SELATAN,2024,10.97,72.3,8.57,0.5238515901060072,0.39669421487603307,9.83950000000001,0.3117206982543641,0.47614840989399276,0.6033057851239669,0.4193660291201733
SUMATERA UTARA,2019,8.83,71.74,9.45,0.4991166077738516,0.5785123966942147,9.163600000000011,0.22277639235245214,0.5008833922261484,0.4214876033057853,0.3459507345052276
SUMATERA UTARA,2020,8.75,71.77,9.54,0.5004416961130742,0.5971074380165289,8.820100000000002,0.21945137157107228,0.4995583038869258,0.4028925619834711,0.3401716893483081
SUMATERA UTARA,2021,9.01,72.0,9.58,0.510600706713781,0.6053719008264464,10.299699999999998,0.2302576891105569,0.489399293286219,0.39462809917355357,0.3408742523758549
SUMATERA UTARA,2022,8.42,72.71,9.71,0.5419611307420493,0.6322314049586779,8.234199999999989,0.20573566084788023,0.4580388692579507,0.3677685950413221,0.3138332102095897
SUMATERA UTARA,2023,8.15,73.37,9.82,0.5711130742049475,0.6549586776859504,8.410399999999989,0.19451371571072315,0.4288869257950525,0.3450413223140496,0.29493120005668727
SUMATERA UTARA,2024,7.99,74.02,9.93,0.5998233215547706,0.6776859504132233,8.064400000000001,0.18786367414796337,0.4001766784452294,0.3223140495867767,0.27844765052490583
