Provinsi;Tahun;Persentase_Penduduk_Miskin;IPM;Rata_Rata_Lama_Sekolah
ACEH;2019;15.32;71.9;9.18
BALI;2019;3.79;75.38;8.84
BANTEN;2019;5.09;72.44;8.74
BENGKULU;2019;15.23;71.21;8.73
DI YOGYAKARTA;2019;11.7;79.99;9.38
DKI JAKARTA;2019;3.47;80.76;11.06
GORONTALO;2019;15.52;68.49;7.69
JAMBI;2019;7.6;71.26;8.45
JAWA BARAT;2019;6.91;72.03;8.37
JAWA TENGAH;2019;10.8;71.73;7.53
JAWA TIMUR;2019;10.37;71.5;7.59
KALIMANTAN BARAT;2019;7.49;67.65;7.31
KALIMANTAN SELATAN;2019;4.55;70.72;8.2
KALIMANTAN TENGAH;2019;4.98;70.91;8.51
KALIMANTAN TIMUR;2019;5.94;76.61;9.7
KALIMANTAN UTARA;2019;6.63;71.15;8.94
KEP. BANGKA BELITUNG;2019;4.62;71.3;7.98
KEPULAUAN RIAU;2019;5.9;75.48;9.99
LAMPUNG;2019;12.62;69.57;7.92
MALUKU;2019;17.69;69.45;9.81
MALUKU UTARA;2019;6.77;68.7;9.0
NUSA TENGGARA BARAT;2019;14.56;68.14;7.27
NUSA TENGGARA TIMUR;2019;21.09;65.23;7.55
PAPUA;2019;27.53;60.84;6.65
PAPUA BARAT;2019;22.17;64.7;7.44
RIAU;2019;7.08;73.0;9.03
SULAWESI BARAT;2019;11.02;65.73;7.73
SULAWESI SELATAN;2019;8.69;71.66;8.26
SULAWESI TENGAH;2019;13.48;69.5;8.75
SULAWESI TENGGARA;2019;11.24;71.2;8.91
SULAWESI UTARA;2019;7.66;72.99;9.43
SUMATERA BARAT;2019;6.42;72.39;8.92
SUMATERA SELATAN;2019;12.71;70.02;8.18
SUMATERA UTARA;2019;8.83;71.74;9.45
ACEH;2020;14.99;71.99;9.33
BALI;2020;3.78;75.5;8.95
BANTEN;2020;5.92;72.45;8.89
BENGKULU;2020;15.03;71.4;8.84
DI YOGYAKARTA;2020;12.28;79.97;9.55
DKI JAKARTA;2020;4.53;80.77;11.13
GORONTALO;2020;15.22;68.68;7.82
JAMBI;2020;7.58;71.29;8.55
JAWA BARAT;2020;7.88;72.09;8.55
JAWA TENGAH;2020;11.41;71.87;7.69
JAWA TIMUR;2020;11.09;71.71;7.78
KALIMANTAN BARAT;2020;7.17;67.66;7.37
KALIMANTAN SELATAN;2020;4.38;70.91;8.29
KALIMANTAN TENGAH;2020;4.82;71.05;8.59
KALIMANTAN TIMUR;2020;6.1;76.24;9.77
KALIMANTAN UTARA;2020;6.8;70.63;9.0
KEP. BANGKA BELITUNG;2020;4.53;71.47;8.06
KEPULAUAN RIAU;2020;5.92;75.59;10.12
LAMPUNG;2020;12.34;69.69;8.05
MALUKU;2020;17.44;69.49;9.93
MALUKU UTARA;2020;6.78;68.49;9.04
NUSA TENGGARA BARAT;2020;13.97;68.25;7.31
NUSA TENGGARA TIMUR;2020;20.9;65.19;7.63
PAPUA;2020;26.64;60.44;6.69
PAPUA BARAT;2020;21.37;65.09;7.6
RIAU;2020;6.82;72.71;9.14
SULAWESI BARAT;2020;10.87;66.11;7.89
SULAWESI SELATAN;2020;8.72;71.93;8.38
SULAWESI TENGAH;2020;12.92;69.55;8.83
SULAWESI TENGGARA;2020;11.0;71.45;9.04
SULAWESI UTARA;2020;7.62;72.93;9.49
SUMATERA BARAT;2020;6.28;72.38;8.99
SUMATERA SELATAN;2020;12.66;70.01;8.24
SUMATERA UTARA;2020;8.75;71.77;9.54
ACEH;2021;15.33;72.18;9.37
BALI;2021;4.53;75.69;9.06
BANTEN;2021;6.66;72.72;8.93
BENGKULU;2021;15.22;71.64;8.87
DI YOGYAKARTA;2021;12.8;80.22;9.64
DKI JAKARTA;2021;4.72;81.11;11.17
GORONTALO;2021;15.61;69.0;7.9
JAMBI;2021;8.09;71.63;8.6
JAWA BARAT;2021;8.4;72.45;8.61
JAWA TENGAH;2021;11.79;72.16;7.75
JAWA TIMUR;2021;11.4;72.14;7.88
KALIMANTAN BARAT;2021;7.15;67.9;7.45
KALIMANTAN SELATAN;2021;4.83;71.28;8.34
KALIMANTAN TENGAH;2021;5.16;71.25;8.64
KALIMANTAN TIMUR;2021;6.54;76.88;9.84
KALIMANTAN UTARA;2021;7.36;71.19;9.11
KEP. BANGKA BELITUNG;2021;4.9;71.69;8.08
KEPULAUAN RIAU;2021;6.12;75.79;10.18
LAMPUNG;2021;12.62;69.9;8.08
MALUKU;2021;17.87;69.71;10.03
MALUKU UTARA;2021;6.89;68.76;9.09
NUSA TENGGARA BARAT;2021;14.14;68.65;7.38
NUSA TENGGARA TIMUR;2021;20.99;65.28;7.69
PAPUA;2021;26.86;60.62;6.76
PAPUA BARAT;2021;21.84;65.26;7.69
RIAU;2021;7.12;72.94;9.19
SULAWESI BARAT;2021;11.29;66.36;7.96
SULAWESI SELATAN;2021;8.78;72.24;8.46
SULAWESI TENGAH;2021;13.0;69.79;8.89
SULAWESI TENGGARA;2021;11.66;71.66;9.13
SULAWESI UTARA;2021;7.77;73.3;9.62
SUMATERA BARAT;2021;6.63;72.65;9.07
SUMATERA SELATAN;2021;12.84;70.24;8.3
SUMATERA UTARA;2021;9.01;72.0;9.58
ACEH;2022;14.64;72.8;9.44
BALI;2022;4.57;76.44;9.39
BANTEN;2022;6.16;73.32;9.13
BENGKULU;2022;14.62;72.16;8.91
DI YOGYAKARTA;2022;11.34;80.64;9.75
DKI JAKARTA;2022;4.69;81.65;11.31
GORONTALO;2022;15.42;69.81;8.02
JAMBI;2022;7.62;72.14;8.68
JAWA BARAT;2022;8.06;73.12;8.78
JAWA TENGAH;2022;10.93;72.79;7.93
JAWA TIMUR;2022;10.38;72.75;8.03
KALIMANTAN BARAT;2022;6.73;68.63;7.59
KALIMANTAN SELATAN;2022;4.49;71.84;8.46
KALIMANTAN TENGAH;2022;5.28;71.63;8.65
KALIMANTAN TIMUR;2022;6.31;77.44;9.92
KALIMANTAN UTARA;2022;6.77;71.83;9.27
KEP. BANGKA BELITUNG;2022;4.45;72.24;8.11
KEPULAUAN RIAU;2022;6.24;76.46;10.37
LAMPUNG;2022;11.57;70.45;8.18
MALUKU;2022;15.97;70.22;10.19
MALUKU UTARA;2022;6.23;69.47;9.24
NUSA TENGGARA BARAT;2022;13.68;69.46;7.61
NUSA TENGGARA TIMUR;2022;20.05;65.9;7.7
PAPUA;2022;26.56;71.76;7.02
PAPUA BARAT;2022;21.33;65.16;7.84
RIAU;2022;6.78;73.52;9.22
SULAWESI BARAT;2022;11.75;66.92;8.08
SULAWESI SELATAN;2022;8.63;72.82;8.63
SULAWESI TENGAH;2022;12.33;70.28;8.89
SULAWESI TENGGARA;2022;11.17;72.23;9.25
SULAWESI UTARA;2022;7.28;73.81;9.68
SUMATERA BARAT;2022;5.92;73.26;9.18
SUMATERA SELATAN;2022;11.9;70.9;8.37
SUMATERA UTARA;2022;8.42;72.71;9.71
ACEH;2023;14.45;73.4;9.55
BALI;2023;4.25;77.1;9.45
BANTEN;2023;6.17;73.87;9.15
BENGKULU;2023;14.04;72.78;9.03
DI YOGYAKARTA;2023;11.04;81.07;9.83
DKI JAKARTA;2023;4.44;82.46;11.45
GORONTALO;2023;15.15;70.45;8.1
JAMBI;2023;7.58;72.77;8.81
JAWA BARAT;2023;7.62;73.74;8.83
JAWA TENGAH;2023;10.77;73.39;8.01
JAWA TIMUR;2023;10.35;73.38;8.11
KALIMANTAN BARAT;2023;6.71;69.41;7.71
KALIMANTAN SELATAN;2023;4.29;72.5;8.55
KALIMANTAN TENGAH;2023;5.11;72.2;8.73
KALIMANTAN TIMUR;2023;6.11;78.2;9.99
KALIMANTAN UTARA;2023;6.45;72.49;9.34
KEP. BANGKA BELITUNG;2023;4.52;72.85;8.25
KEPULAUAN RIAU;2023;5.69;77.11;10.41
LAMPUNG;2023;11.11;71.15;8.29
MALUKU;2023;16.42;70.94;10.2
MALUKU UTARA;2023;6.46;70.21;9.26
NUSA TENGGARA BARAT;2023;13.85;70.2;7.74
NUSA TENGGARA TIMUR;2023;19.96;66.68;7.82
PAPUA;2023;26.03;72.41;7.15
PAPUA BARAT;2023;20.49;66.16;7.93
RIAU;2023;6.68;74.04;9.32
SULAWESI BARAT;2023;11.49;67.55;8.13
SULAWESI SELATAN;2023;8.7;73.46;8.76
SULAWESI TENGAH;2023;12.41;70.95;8.96
SULAWESI TENGGARA;2023;11.43;72.79;9.31
SULAWESI UTARA;2023;7.38;74.36;9.77
SUMATERA BARAT;2023;5.95;73.75;9.28
SUMATERA SELATAN;2023;11.78;71.62;8.5
SUMATERA UTARA;2023;8.15;73.37;9.82
ACEH;2024;14.23;74.03;9.64
BALI;2024;4.0;77.76;9.54
BANTEN;2024;5.84;74.48;9.23
BENGKULU;2024;13.56;73.39;9.04
DI YOGYAKARTA;2024;10.83;81.55;9.92
DKI JAKARTA;2024;4.3;83.08;11.49
GORONTALO;2024;14.57;71.23;8.29
JAMBI;2024;7.1;73.43;8.9
JAWA BARAT;2024;7.46;74.43;8.87
JAWA TENGAH;2024;10.47;73.88;8.02
JAWA TIMUR;2024;9.79;74.09;8.28
KALIMANTAN BARAT;2024;6.32;70.13;7.78
KALIMANTAN SELATAN;2024;4.11;73.03;8.62
KALIMANTAN TENGAH;2024;5.17;72.73;8.81
KALIMANTAN TIMUR;2024;5.78;78.83;10.02
KALIMANTAN UTARA;2024;6.32;73.02;9.35
KEP. BANGKA BELITUNG;2024;4.55;73.33;8.33
KEPULAUAN RIAU;2024;5.37;77.97;10.5
LAMPUNG;2024;10.69;71.81;8.36
MALUKU;2024;16.05;71.57;10.26
MALUKU UTARA;2024;6.32;71.03;9.37
NUSA TENGGARA BARAT;2024;12.91;70.93;7.87
NUSA TENGGARA TIMUR;2024;19.48;67.39;8.02
PAPUA;2024;17.26;73.0;9.82
PAPUA BARAT;2024;21.66;67.02;7.86
PAPUA BARAT DAYA;2024;18.13;68.63;8.39
PAPUA PEGUNUNGAN;2024;32.97;53.42;4.21
PAPUA SELATAN;2024;17.44;67.9;8.38
PAPUA TENGAH;2024;29.76;59.75;6.12
RIAU;2024;6.67;74.79;9.43
SULAWESI BARAT;2024;11.21;68.2;8.15
SULAWESI SELATAN;2024;8.06;74.05;8.86
SULAWESI TENGAH;2024;11.77;71.56;9.04
SULAWESI TENGGARA;2024;11.21;73.48;9.42
SULAWESI UTARA;2024;7.25;75.03;9.84
SUMATERA BARAT;2024;5.97;74.49;9.44
SUMATERA SELATAN;2024;10.97;72.3;8.57
SUMATERA UTARA;2024;7.99;74.02;9.93
